<?xml version="1.0"?>
<tincan xmlns="http://projecttincan.com/tincan.xsd" xmlns:xsd="http://www.w3.org/2001/XMLSchema" xmlns:xsi="http://www.w3.org/2001/XMLSchema-instance">
	<activities>
		<activity id="ispring://presentations/A134E2CB-D2F8-439B-8AF0-3C9FC0D986A6" type="http://adlnet.gov/expapi/activities/course">
			<name lang="und">(อ.เฉลิมศักดิ์)Chemical Risk Assessment(บท1)</name>
			<description lang="und"/>
			<launch>res/index.html</launch>
		</activity>
		<activity id="ispring://presentations/A134E2CB-D2F8-439B-8AF0-3C9FC0D986A6/slides/0" type="http://adlnet.gov/expapi/activities/module">
			<name lang="und"/>
			<description lang="und"/>
		</activity>
	</activities>
</tincan>
