<?xml version="1.0" encoding="UTF-8"?>
<tincan xmlns="https://www.diw.go.th/lrs_new/Chemical_risk_assessment/tincan.xsd">
<activities>
	
	<activity id="https://www.diw.go.th/lrs_new/Chemical_risk_assessment" type="http://adlnet.gov/expapi/activities/course">
		<name>การประเมินความเสี่ยงสารเคมี</name>
		<description lang="en-US">การประเมินความเสี่ยงสารเคมี</description>
		<launch lang="en-us">index.html</launch>
	</activity>
	
	<activity id="https://www.diw.go.th/lrs_new/Chemical_risk_assessment/data/m00/index.html" type="http://adlnet.gov/expapi/activities/module">
		<name lang="und">กิจกรรม</name>
		<description lang="und">กิจกรรม</description>		
	</activity>
	
	<activity id="https://www.diw.go.th/lrs_new/Chemical_risk_assessment/data/m01/index.html" type="http://adlnet.gov/expapi/activities/module">
		<name lang="und">บทที่ 1</name>
		<description lang="und">บทที่ 1</description>		
	</activity>
	
	<activity id="https://www.diw.go.th/lrs_new/Chemical_risk_assessment/data/posttest1/index.html" type="http://adlnet.gov/expapi/activities/module">
		<name lang="und">เเบบทดสอบหลังบทที่ 1</name>
		<description lang="und">เเบบทดสอบหลังบทที่ 1</description>		
	</activity>
	
	<activity id="https://www.diw.go.th/lrs_new/Chemical_risk_assessment/data/m02/index.html" type="http://adlnet.gov/expapi/activities/module">
		<name lang="und">บทที่ 2</name>
		<description lang="und">บทที่ 2</description>		
	</activity>
	
	<activity id="https://www.diw.go.th/lrs_new/Chemical_risk_assessment/data/posttest2/index.html" type="http://adlnet.gov/expapi/activities/module">
		<name lang="und">เเบบทดสอบหลังบทที่ 2</name>
		<description lang="und">เเบบทดสอบหลังบทที่ 2</description>		
	</activity>
	
	<activity id="https://www.diw.go.th/lrs_new/Chemical_risk_assessment/data/m03/index.html" type="http://adlnet.gov/expapi/activities/module">
		<name lang="und">บทที่ 3</name>
		<description lang="und">บทที่ 3</description>		
	</activity>
	
	<activity id="https://www.diw.go.th/lrs_new/Chemical_risk_assessment/data/posttest3/index.html" type="http://adlnet.gov/expapi/activities/module">
		<name lang="und">เเบบทดสอบหลังบทที่ 3</name>
		<description lang="und">เเบบทดสอบหลังบทที่ 3</description>		
	</activity>
	
	<activity id="https://www.diw.go.th/lrs_new/Chemical_risk_assessment/data/m04/index.html" type="http://adlnet.gov/expapi/activities/module">
		<name lang="und">บทที่ 4</name>
		<description lang="und">บทที่ 4</description>		
	</activity>
	
	<activity id="https://www.diw.go.th/lrs_new/Chemical_risk_assessment/data/posttest4/index.html" type="http://adlnet.gov/expapi/activities/module">
		<name lang="und">เเบบทดสอบหลังบทที่ 4</name>
		<description lang="und">เเบบทดสอบหลังบทที่ 4</description>		
	</activity>
	
	<activity id="https://www.diw.go.th/lrs_new/Chemical_risk_assessment/data/m05/index.html" type="http://adlnet.gov/expapi/activities/module">
		<name lang="und">บทที่ 5</name>
		<description lang="und">บทที่ 5</description>		
	</activity>
	
	<activity id="https://www.diw.go.th/lrs_new/Chemical_risk_assessment/data/posttest5/index.html" type="http://adlnet.gov/expapi/activities/module">
		<name lang="und">เเบบทดสอบหลังบทที่ 5</name>
		<description lang="und">เเบบทดสอบหลังบทที่ 5</description>		
	</activity>

	
	
	
	
	
	
   
</activities>
</tincan>